python,2019年01月,103147
python,2019年02月,100760
python,2019年03月,116906
python,2019年04月,113511
python,2019年05月,114145
python,2019年06月,108366
python,2019年07月,113708
python,2019年08月,109357
python,2019年09月,122582
python,2019年10月,129645
python,2019年11月,131242
python,2019年12月,124134
python,2020年01月,127270
python,2020年02月,137266
python,2020年03月,158196
python,2020年04月,178548
python,2020年05月,188184
python,2020年06月,172487
python,2020年07月,172392
python,2020年08月,152499
python,2020年09月,0
python,2020年10月,0
python,2020年11月,0
python,2020年12月,0
Java,2019年01月,138097
Java,2019年02月,133053
Java,2019年03月,167656
Java,2019年04月,157753
Java,2019年05月,156223
Java,2019年06月,138760
Java,2019年07月,144156
Java,2019年08月,138687
Java,2019年09月,159409
Java,2019年10月,172599
Java,2019年11月,167819
Java,2019年12月,147520
Java,2020年01月,147426
Java,2020年02月,166183
Java,2020年03月,186255
Java,2020年04月,194293
Java,2020年05月,189407
Java,2020年06月,169939
Java,2020年07月,165767
Java,2020年08月,142478
Java,2020年09月,0
Java,2020年10月,0
Java,2020年11月,0
Java,2020年12月,0
